post_id,post_text,toxicity_score,final_label,reason
47e186c6-e733-408e-af1e-bb65449a3f78,10 tips to stay focused during exams.,0.0005568195,Safe,Clean content
7c28cde1-cc57-4bd8-8c23-e1cb3bedccb8,This is the most violent movie scene ever!,0.1111451,Safe,Clean content
3ad5fe36-e5cb-4103-8fca-7e790401916c,Watch this hilarious prank compilation!,0.08488324,Safe,Clean content
8cf85611-6c6c-4402-8a6c-d4045ea36e6d,Study hacks for competitive exams.,0.0005901148,Safe,Clean content
cde51b30-dc85-4dd4-8e40-e27070a1ea62,"Hate this so much, can't believe it!",0.20520207,Unsafe,Clean content; Unsafe keyword found
4154b890-795b-4881-a1c3-77e2af16c99d,This is the most violent movie scene ever!,0.1111451,Safe,Clean content
64c0f2e6-2d36-4c01-b6bd-48abfd0e0f2a,You won't believe what happened next!,0.0048158597,Safe,Clean content
dbd2c187-9f39-4a43-a03e-01bf081e6251,"Hate this so much, can't believe it!",0.20520207,Unsafe,Clean content; Unsafe keyword found
4026c965-e111-4852-91f9-0d1876f1755a,"This person is so dumb, LOL.",0.937407,Unsafe,High toxicity detected
fc635316-a9b4-4901-a23f-58b0a198e6b9,Join us live for the global science fair.,0.0005469048,Safe,Clean content
09b205c4-04b4-441f-9dea-0b65b9ee14c7,Watch this hilarious prank compilation!,0.08488324,Safe,Clean content; Image flagged for: Racy
aa9bece5-0d66-4037-8b09-b8f3d21bd419,"This person is so dumb, LOL.",0.937407,Unsafe,High toxicity detected
9a7a024e-5bd8-4da5-ab96-117f6b653cbf,Learning new chess strategies is fun and challenging.,0.00059212616,Safe,Clean content
ab8534e7-2a76-4775-aca3-6ad549a15769,This is the most violent movie scene ever!,0.1111451,Safe,Clean content; Image flagged for: Violence
c02be2d1-9917-4550-bae6-e6cb28cf7377,Study hacks for competitive exams.,0.0005901148,Safe,Clean content
65e1d2a6-becd-4b84-a973-0b3f995afb5a,Check out this new art tutorial.,0.0007006176,Safe,Clean content
238fc260-18a4-4df0-b20c-604777ed4c42,"Hate this so much, can't believe it!",0.20520207,Unsafe,Clean content; Unsafe keyword found; Image flagged for: Violence
c0ccf51e-2ce5-4868-b14e-1fdccaad074a,"Hate this so much, can't believe it!",0.20520207,Unsafe,Clean content; Unsafe keyword found
3dd958f7-253d-4d9c-b204-83fa96654c08,Watch this hilarious prank compilation!,0.08488324,Safe,Clean content
95e8f580-f73a-4a95-b61c-e518354d6a48,Join us live for the global science fair.,0.0005469048,Safe,Clean content
d70fb80d-f436-4825-9648-7a2ef4add262,"This person is so dumb, LOL.",0.937407,Unsafe,High toxicity detected; Image flagged for: Adult
21c42d44-5b9a-49c7-971e-9e7086955bd0,Check out this new art tutorial.,0.0007006176,Safe,Clean content; Image flagged for: Racy
6bf79a71-abd3-4c78-960b-ec779da39f53,"Hate this so much, can't believe it!",0.20520207,Unsafe,Clean content; Unsafe keyword found
8cca95df-80a8-4b10-af57-98938b714a8d,"Hate this so much, can't believe it!",0.20520207,Unsafe,Clean content; Unsafe keyword found
ea12f6b9-5b55-4976-a34d-2741cd5715db,Join us live for the global science fair.,0.0005469048,Safe,Clean content
e0c95339-af90-4bda-a09c-0b45911a1f28,This is the most violent movie scene ever!,0.1111451,Safe,Clean content; Image flagged for: Racy
eeeb641f-680c-4cf6-8832-613965d49f18,Study hacks for competitive exams.,0.0005901148,Safe,Clean content
d71cbe5a-a18c-4f80-8635-b1601a8a972e,This is the most violent movie scene ever!,0.1111451,Safe,Clean content
1e0daa2d-40bd-4df0-96c5-0e78ddbf624f,Watch this hilarious prank compilation!,0.08488324,Safe,Clean content
5b87ea93-a387-4978-811a-6d417dd20aec,Watch this hilarious prank compilation!,0.08488324,Safe,Clean content
ab4f4d96-3118-40d3-b5fb-d32832c36e6d,Learning new chess strategies is fun and challenging.,0.00059212616,Safe,Clean content
5ba37db3-159f-4258-8876-1a0d67c8fc43,Watch this hilarious prank compilation!,0.08488324,Safe,Clean content; Image flagged for: Violence
c2bf282c-96db-43df-966b-f72f954e3656,Join us live for the global science fair.,0.0005469048,Safe,Clean content
7d0143db-00cb-4910-a71b-7dde45e8120f,Watch this hilarious prank compilation!,0.08488324,Safe,Clean content; Image flagged for: Violence
413908ab-2947-4198-9e61-0b0d7861f5e5,This is the most violent movie scene ever!,0.1111451,Safe,Clean content; Image flagged for: Adult
222b93c9-0a84-47cd-b692-fe5eb6e5ab0f,"This person is so dumb, LOL.",0.937407,Unsafe,High toxicity detected
531823ee-c2f9-4e23-a0ea-446ead2df0f2,10 tips to stay focused during exams.,0.0005568195,Safe,Clean content
a35e8723-50b6-4be1-8411-41a562521fb7,"Hate this so much, can't believe it!",0.20520207,Unsafe,Clean content; Unsafe keyword found
e5a97013-f78b-4cd0-b064-cff647a11a13,Join us live for the global science fair.,0.0005469048,Safe,Clean content; Image flagged for: Adult
57516d55-5ea3-4711-8f6d-49e6b2201f2e,Join us live for the global science fair.,0.0005469048,Safe,Clean content; Image flagged for: Adult
3c096050-a3b8-443c-a754-17b0a2243b1d,10 tips to stay focused during exams.,0.0005568195,Safe,Clean content
1d739557-b590-4e43-8b38-828d76e1b92d,Check out this new art tutorial.,0.0007006176,Safe,Clean content
c69ca673-dfac-4fa4-9f15-e0bc3039ac73,10 tips to stay focused during exams.,0.0005568195,Safe,Clean content
39d69249-643f-4ae0-91b4-b667c5e60507,Check out this new art tutorial.,0.0007006176,Safe,Clean content; Image flagged for: Adult
dd7de117-5dff-4c69-943c-9e02fc9268b0,Study hacks for competitive exams.,0.0005901148,Safe,Clean content
3a9a7585-cefb-480c-9e7f-ca3839b8fd72,This is the most violent movie scene ever!,0.1111451,Safe,Clean content; Image flagged for: Violence
0cc61cb9-7d15-4be9-bccd-ed47860e8d15,Check out this new art tutorial.,0.0007006176,Safe,Clean content
bb49b477-7cf9-44e0-85f9-bf34d385f6c8,"This person is so dumb, LOL.",0.937407,Unsafe,High toxicity detected
abcbdfc3-b9c2-4a8f-95d2-c514f5be3ad0,"Hate this so much, can't believe it!",0.20520207,Unsafe,Clean content; Unsafe keyword found
6b5ea7c2-cd13-4635-977a-24e4d223377f,Watch this hilarious prank compilation!,0.08488324,Safe,Clean content
da8cea94-e2b8-46ba-b713-10c4d53b99de,"Hate this so much, can't believe it!",0.20520207,Unsafe,Clean content; Unsafe keyword found
6ddb2d2d-ec24-46f2-a0da-bf2ddafe0f5e,Watch this hilarious prank compilation!,0.08488324,Safe,Clean content
678e5ca7-4ed1-4510-af62-37f6983f88a0,You won't believe what happened next!,0.0048158597,Safe,Clean content; Image flagged for: Violence
7340e5f1-7268-4af3-a811-2f674d313b53,Watch this hilarious prank compilation!,0.08488324,Safe,Clean content
fcd6c803-8116-41de-a999-6c635ee22028,Join us live for the global science fair.,0.0005469048,Safe,Clean content
1f2767f7-1299-4cc7-bc2e-84b0bc820634,Study hacks for competitive exams.,0.0005901148,Safe,Clean content
89b34a7c-c7a5-42dd-9047-fa491fa96532,"This person is so dumb, LOL.",0.937407,Unsafe,High toxicity detected
c03246cc-6fe4-48a8-b8a7-ac05e6743932,10 tips to stay focused during exams.,0.0005568195,Safe,Clean content
e4ae8514-dfce-4e0d-82d0-73f78149ea22,"Hate this so much, can't believe it!",0.20520207,Unsafe,Clean content; Unsafe keyword found
e1bb4825-3651-4e0e-b089-63142ba5eaf4,Join us live for the global science fair.,0.0005469048,Safe,Clean content
23e8bb8a-d308-4473-b6eb-c59b9146139c,Learning new chess strategies is fun and challenging.,0.00059212616,Safe,Clean content
cf98e013-88ab-4c4e-9746-271e8c3cbeaa,Learning new chess strategies is fun and challenging.,0.00059212616,Safe,Clean content; Image flagged for: Adult
f1320c44-5b5d-4e42-a142-3ce67f01c3d2,Watch this hilarious prank compilation!,0.08488324,Safe,Clean content
f34881e7-41ee-44a6-ad74-02f9a2cce748,Check out this new art tutorial.,0.0007006176,Safe,Clean content; Image flagged for: Racy
bf1d2e12-9985-41e9-b398-6f4e52dffdc1,Watch this hilarious prank compilation!,0.08488324,Safe,Clean content
e49ec85e-9a55-4424-985c-ecd045a3a27a,Check out this new art tutorial.,0.0007006176,Safe,Clean content
1b48dcd7-ce76-4fd2-9c7d-9713cdf5b31a,10 tips to stay focused during exams.,0.0005568195,Safe,Clean content; Image flagged for: Adult
64fd97c7-c4a8-493e-af9c-0bfa9bb2f4cc,"This person is so dumb, LOL.",0.937407,Unsafe,High toxicity detected
986fe30e-c9f5-47b4-aa1a-47292aa2376b,"Hate this so much, can't believe it!",0.20520207,Unsafe,Clean content; Unsafe keyword found
413c329b-df63-4703-9d7e-b7cb0a3fa017,You won't believe what happened next!,0.0048158597,Safe,Clean content
1e3eef21-368b-45a4-a252-b122690dcdae,Study hacks for competitive exams.,0.0005901148,Safe,Clean content
2685c29e-3812-4ae5-9616-392b4f066c5d,Join us live for the global science fair.,0.0005469048,Safe,Clean content; Image flagged for: Adult
3af6582e-18ad-4e2a-81c8-552772761c95,"This person is so dumb, LOL.",0.937407,Unsafe,High toxicity detected; Image flagged for: Racy
9e5f2d9e-7241-44d8-bec7-25b913ee4377,"Hate this so much, can't believe it!",0.20520207,Unsafe,Clean content; Unsafe keyword found
284ad01a-2cc5-4388-a711-cc67c2365f8a,Study hacks for competitive exams.,0.0005901148,Safe,Clean content; Image flagged for: Violence
2032e0d4-0b29-479c-8266-96e14663488e,Check out this new art tutorial.,0.0007006176,Safe,Clean content
397899c2-b8ea-4bee-965b-e4d91d8a263d,You won't believe what happened next!,0.0048158597,Safe,Clean content
b3da4b7f-ad1e-49df-b008-ef792f6e9399,Watch this hilarious prank compilation!,0.08488324,Safe,Clean content
8c85aeae-a166-406f-83be-f678b9722b20,This is the most violent movie scene ever!,0.1111451,Safe,Clean content
b9e0f04f-dc65-4183-9c45-70017d301669,You won't believe what happened next!,0.0048158597,Safe,Clean content
1049a43c-ea56-4960-9df7-d8f40286a0cc,Check out this new art tutorial.,0.0007006176,Safe,Clean content
286674c2-9a6a-40c5-b283-1809f7336d7f,"Hate this so much, can't believe it!",0.20520207,Unsafe,Clean content; Unsafe keyword found; Image flagged for: Adult
46898883-78b0-417b-b18b-90c6fa0b3f53,Join us live for the global science fair.,0.0005469048,Safe,Clean content
a7afcdcf-fcfa-44b8-8792-3712e9189212,Watch this hilarious prank compilation!,0.08488324,Safe,Clean content
41ce8745-b274-40bb-ae2b-b84094aa73e9,"This person is so dumb, LOL.",0.937407,Unsafe,High toxicity detected
d2624573-c3f4-4e03-960b-d0f6bce583ca,"This person is so dumb, LOL.",0.937407,Unsafe,High toxicity detected
a5bafa0d-538a-4c85-97dc-1f79ad7af74d,Study hacks for competitive exams.,0.0005901148,Safe,Clean content
3a28cc2c-1643-4190-9d6d-88a1ae127df5,"This person is so dumb, LOL.",0.937407,Unsafe,High toxicity detected; Image flagged for: Adult
885f406c-283d-488a-95ab-bbd31ee116b9,Join us live for the global science fair.,0.0005469048,Safe,Clean content; Image flagged for: Violence
4be6c5d0-951e-4802-b7d3-0d8431c9e695,Watch this hilarious prank compilation!,0.08488324,Safe,Clean content
920d78bb-3ea7-412b-8edb-6b227e174011,You won't believe what happened next!,0.0048158597,Safe,Clean content; Image flagged for: Racy
b666620b-f279-4b43-9b18-61c40c2d4d95,10 tips to stay focused during exams.,0.0005568195,Safe,Clean content
880e4a48-2948-443b-b256-92ec0615b638,"This person is so dumb, LOL.",0.937407,Unsafe,High toxicity detected
2cb8cfdd-e919-44cc-b41d-896f523dca1d,Check out this new art tutorial.,0.0007006176,Safe,Clean content
564a9543-83c7-485b-8462-1830ba211a9a,Join us live for the global science fair.,0.0005469048,Safe,Clean content
d00826e9-2c78-4f4d-9622-241e21c72491,Join us live for the global science fair.,0.0005469048,Safe,Clean content; Image flagged for: Violence
81c52e19-93f7-41bd-9252-86b8adfd2f9d,"Hate this so much, can't believe it!",0.20520207,Unsafe,Clean content; Unsafe keyword found
4fb77e1e-e95d-42ac-bb14-7a0459cde34a,Check out this new art tutorial.,0.0007006176,Safe,Clean content; Image flagged for: Violence
fc1e1ecb-7164-4d07-a05e-119f950843f2,"Hate this so much, can't believe it!",0.20520207,Unsafe,Clean content; Unsafe keyword found
24ea2cc6-da8c-4825-a126-502abeb12db2,Study hacks for competitive exams.,0.0005901148,Safe,Clean content; Image flagged for: Violence
a1eaa995-a7e7-462b-b644-2f0b2114ae7f,This is the most violent movie scene ever!,0.1111451,Safe,Clean content
b342d87a-bff2-4f05-a1e7-936bd854645d,"This person is so dumb, LOL.",0.937407,Unsafe,High toxicity detected
2dfc39f5-bdcc-44ad-95a5-e1ea76012b7a,Learning new chess strategies is fun and challenging.,0.00059212616,Safe,Clean content
ea873f34-f176-468a-a8ac-7fd80425adc4,10 tips to stay focused during exams.,0.0005568195,Safe,Clean content
e9e7719d-a3e8-4619-ab31-c5fb261dd961,"This person is so dumb, LOL.",0.937407,Unsafe,High toxicity detected; Image flagged for: Racy
fbc6ffa2-865e-45c3-a6e1-296071521439,"This person is so dumb, LOL.",0.937407,Unsafe,High toxicity detected; Image flagged for: Racy
f57712fb-c6d8-4375-bcec-b27fa0f73626,Watch this hilarious prank compilation!,0.08488324,Safe,Clean content
3b3a7bb9-4e25-42de-91c4-cc7280ded046,Join us live for the global science fair.,0.0005469048,Safe,Clean content
67e78353-d684-48bc-b3ee-79863489af77,This is the most violent movie scene ever!,0.1111451,Safe,Clean content
4b238a5e-3c0d-4546-8200-8085a72752c9,Watch this hilarious prank compilation!,0.08488324,Safe,Clean content
4073aa75-5a21-4acf-862d-e8d7973950c7,Join us live for the global science fair.,0.0005469048,Safe,Clean content
e64da113-a11d-4930-ab9c-249cc7ee2640,Check out this new art tutorial.,0.0007006176,Safe,Clean content
ae91c7a2-1bdd-4b6c-b301-e6bfd4cf0a93,Join us live for the global science fair.,0.0005469048,Safe,Clean content
ed523198-63c5-4cf1-8675-9dceb84459a7,"Hate this so much, can't believe it!",0.20520207,Unsafe,Clean content; Unsafe keyword found; Image flagged for: Violence
3ff5c8e3-16cc-4459-9dc6-36901c1d9c00,"This person is so dumb, LOL.",0.937407,Unsafe,High toxicity detected
71a5146f-2d3b-450f-a3ea-21cdddaf20d4,Join us live for the global science fair.,0.0005469048,Safe,Clean content
5112805d-78e6-408c-b31d-86b2b53b9579,"Hate this so much, can't believe it!",0.20520207,Unsafe,Clean content; Unsafe keyword found
82ec3222-4183-4672-a610-51c57a9c3fac,Learning new chess strategies is fun and challenging.,0.00059212616,Safe,Clean content; Image flagged for: Violence
d90f24b1-5b7b-4a08-b2e5-c018ee94c826,Watch this hilarious prank compilation!,0.08488324,Safe,Clean content
9b71bd0c-0c17-4189-af12-0128816f0b39,10 tips to stay focused during exams.,0.0005568195,Safe,Clean content
ed6877ca-de65-4e50-8bc4-5efcd2d8722d,Watch this hilarious prank compilation!,0.08488324,Safe,Clean content
f331ac80-318a-4e24-9134-e7076464fd85,Join us live for the global science fair.,0.0005469048,Safe,Clean content
c07cd8c0-45f8-4adb-970e-049969beeb9f,Learning new chess strategies is fun and challenging.,0.00059212616,Safe,Clean content; Image flagged for: Violence
745c985c-99d0-4829-8cd8-11298553a432,10 tips to stay focused during exams.,0.0005568195,Safe,Clean content
fe4fefdf-5d24-41f6-94e1-17be76393e3b,Learning new chess strategies is fun and challenging.,0.00059212616,Safe,Clean content; Image flagged for: Adult
27e44067-e869-40cf-a555-bf08f0cbb964,You won't believe what happened next!,0.0048158597,Safe,Clean content
0e866485-c0ef-40ef-92fb-14e509937cea,You won't believe what happened next!,0.0048158597,Safe,Clean content
180fa1a6-9c08-4b9f-bce8-f88190ad5298,"Hate this so much, can't believe it!",0.20520207,Unsafe,Clean content; Unsafe keyword found
d6151d1d-a41b-45c1-9c6a-9a5f9d600c7b,10 tips to stay focused during exams.,0.0005568195,Safe,Clean content
ebb6fd83-43e5-41da-abcd-1bfd11f08a8c,Learning new chess strategies is fun and challenging.,0.00059212616,Safe,Clean content
159ba201-2a6b-40c8-8222-d7bd4bed447b,"This person is so dumb, LOL.",0.937407,Unsafe,High toxicity detected
a4c57b63-48af-4210-af01-bd1a1e7aa340,"Hate this so much, can't believe it!",0.20520207,Unsafe,Clean content; Unsafe keyword found; Image flagged for: Adult
3396113c-420a-4651-a328-6eacca8abdb4,"This person is so dumb, LOL.",0.937407,Unsafe,High toxicity detected
fc134aa7-b988-42d5-9aa1-cfb15b4d7a9a,Watch this hilarious prank compilation!,0.08488324,Safe,Clean content
48ac871a-751d-447c-af5d-997619cec274,"Hate this so much, can't believe it!",0.20520207,Unsafe,Clean content; Unsafe keyword found
82f34db9-d8c3-46f7-8334-a434bac145e5,Join us live for the global science fair.,0.0005469048,Safe,Clean content
5d9b55cb-bbe2-417d-8738-ebf4d58b5fc7,This is the most violent movie scene ever!,0.1111451,Safe,Clean content
d3ea96d7-8e4e-4001-9841-d1de6218791b,Learning new chess strategies is fun and challenging.,0.00059212616,Safe,Clean content
259a1b53-7256-43c9-a673-5bec9e7f8d31,Study hacks for competitive exams.,0.0005901148,Safe,Clean content
94b559be-cf4e-4270-88c7-9613728fce3d,Study hacks for competitive exams.,0.0005901148,Safe,Clean content; Image flagged for: Racy
d4dec077-abe0-4165-b044-ef0b53820589,"This person is so dumb, LOL.",0.937407,Unsafe,High toxicity detected
ea99a4b6-9d36-401d-b306-baa9939b0944,You won't believe what happened next!,0.0048158597,Safe,Clean content
02df90a5-9ec1-4b8d-9b5d-a96cb9c2b06e,Study hacks for competitive exams.,0.0005901148,Safe,Clean content
63a986dd-c071-48bd-88d0-a2ac0a7578d4,"Hate this so much, can't believe it!",0.20520207,Unsafe,Clean content; Unsafe keyword found
6eb30060-79b4-4424-9999-7b87f526c428,Watch this hilarious prank compilation!,0.08488324,Safe,Clean content
99f533d3-6950-40c1-816d-fb3e15c86d01,Learning new chess strategies is fun and challenging.,0.00059212616,Safe,Clean content; Image flagged for: Adult
7a0efd43-6568-448b-b19e-1928b9de0fe9,Learning new chess strategies is fun and challenging.,0.00059212616,Safe,Clean content
904e8c2b-983b-4031-a959-d985ff8ae645,10 tips to stay focused during exams.,0.0005568195,Safe,Clean content; Image flagged for: Racy
c2f347b0-1a42-4700-9441-cad8c52becbe,Watch this hilarious prank compilation!,0.08488324,Safe,Clean content
c199bce2-ec4a-4396-b999-6c62d0875777,Check out this new art tutorial.,0.0007006176,Safe,Clean content
196b39a6-7efc-4780-a336-0a681ed26478,This is the most violent movie scene ever!,0.1111451,Safe,Clean content; Image flagged for: Violence
b0463215-241a-42dd-b7c0-caac32637d6e,This is the most violent movie scene ever!,0.1111451,Safe,Clean content
b77c5d02-8358-48c3-b7bb-ff70125953ac,This is the most violent movie scene ever!,0.1111451,Safe,Clean content; Image flagged for: Adult
c970d6d6-b2ea-4840-9aa5-2343f247a6a4,"This person is so dumb, LOL.",0.937407,Unsafe,High toxicity detected
700e2c6b-69b2-45d2-a71d-66306f82b0cf,"This person is so dumb, LOL.",0.937407,Unsafe,High toxicity detected; Image flagged for: Adult
b981e454-cb25-4136-ab76-c19265e0943b,This is the most violent movie scene ever!,0.1111451,Safe,Clean content; Image flagged for: Racy
42fa2d57-06f6-495a-b31e-2eeaa2d05e4d,You won't believe what happened next!,0.0048158597,Safe,Clean content; Image flagged for: Adult
84bec327-47a0-4e17-b409-b2af1b5b0d18,"This person is so dumb, LOL.",0.937407,Unsafe,High toxicity detected
6ef65640-b31b-47ae-a5bb-01d667066967,Watch this hilarious prank compilation!,0.08488324,Safe,Clean content
bf72dc21-3c92-4faa-b95e-1a27035d2c7b,Learning new chess strategies is fun and challenging.,0.00059212616,Safe,Clean content; Image flagged for: Racy
3b299d9c-e77e-4181-a00b-d07e0c84f793,Join us live for the global science fair.,0.0005469048,Safe,Clean content
d2e4f56c-217c-4951-b121-8be8d820ee0b,Watch this hilarious prank compilation!,0.08488324,Safe,Clean content; Image flagged for: Violence
82f8f401-149d-49c2-a267-922e5f5f7eec,Check out this new art tutorial.,0.0007006176,Safe,Clean content
a6c2c95d-002c-4263-ab17-6a813f061c09,Study hacks for competitive exams.,0.0005901148,Safe,Clean content
3fad96b5-be39-436d-a858-ff3adf28696f,Study hacks for competitive exams.,0.0005901148,Safe,Clean content
e45bb5a6-9b0b-4251-8945-7d440d121dee,10 tips to stay focused during exams.,0.0005568195,Safe,Clean content; Image flagged for: Violence
c11a9a48-9096-46c6-8e29-83fcfd53ede1,"This person is so dumb, LOL.",0.937407,Unsafe,High toxicity detected; Image flagged for: Racy
3d7ea3ec-fb13-4f92-a1b7-f68afb0f6eef,Study hacks for competitive exams.,0.0005901148,Safe,Clean content
fcd6156b-d260-41db-b83e-742aa4a134af,"This person is so dumb, LOL.",0.937407,Unsafe,High toxicity detected
b14fab08-5fe8-4db7-8b04-9085553d94b9,Learning new chess strategies is fun and challenging.,0.00059212616,Safe,Clean content; Image flagged for: Violence
d50d1d3e-218a-451a-be9c-a3ea0a4362ef,"Hate this so much, can't believe it!",0.20520207,Unsafe,Clean content; Unsafe keyword found
5a3cd8f9-6226-4a8a-8b01-15f532f9e7e8,Check out this new art tutorial.,0.0007006176,Safe,Clean content; Image flagged for: Racy
e4fd42c7-32eb-4bb2-b32f-f0ca4831b8d2,10 tips to stay focused during exams.,0.0005568195,Safe,Clean content
86ecab81-3c76-40e8-897c-c20f5fbff1da,Study hacks for competitive exams.,0.0005901148,Safe,Clean content
f72e0244-a747-4049-8e95-2d2d27f35878,"Hate this so much, can't believe it!",0.20520207,Unsafe,Clean content; Unsafe keyword found
89dd4d66-8fb8-444b-a892-e9afe3ff038e,Watch this hilarious prank compilation!,0.08488324,Safe,Clean content
72acafb3-0ad6-4c0f-9ea1-4dfdda628279,Check out this new art tutorial.,0.0007006176,Safe,Clean content
89237a4d-3398-4224-80ec-ab72c503bd0a,This is the most violent movie scene ever!,0.1111451,Safe,Clean content
373fc56d-45c8-42c1-9318-3a7a2a4fdabb,"This person is so dumb, LOL.",0.937407,Unsafe,High toxicity detected
b7a79a09-d6c5-425a-ac32-b158e63c9d18,10 tips to stay focused during exams.,0.0005568195,Safe,Clean content
0439eb0a-18af-4309-b6be-493bf440fa73,You won't believe what happened next!,0.0048158597,Safe,Clean content
625464aa-318b-41c7-893a-b39347f505b5,"This person is so dumb, LOL.",0.937407,Unsafe,High toxicity detected
d6f4a7d5-fe6c-4d0b-a88b-abbff8d6fcfb,10 tips to stay focused during exams.,0.0005568195,Safe,Clean content
fce668c4-82ab-4f8d-a224-83fd9f84fb10,10 tips to stay focused during exams.,0.0005568195,Safe,Clean content
2fa27584-ca47-4af1-a323-6c28d58fa9a3,This is the most violent movie scene ever!,0.1111451,Safe,Clean content
788e5e4a-dcd6-4ed2-ae37-d9deea5f2999,This is the most violent movie scene ever!,0.1111451,Safe,Clean content
d8cc62e5-597a-4356-a44d-4a80ff478839,This is the most violent movie scene ever!,0.1111451,Safe,Clean content; Image flagged for: Racy
69480aa9-5616-4fc3-afad-f6983b5c15bd,Learning new chess strategies is fun and challenging.,0.00059212616,Safe,Clean content; Image flagged for: Adult
0f13b32f-5994-4ec8-af12-4052304bab56,Watch this hilarious prank compilation!,0.08488324,Safe,Clean content; Image flagged for: Violence
190413ee-608d-4b7b-bf9c-870a6d6423b2,Watch this hilarious prank compilation!,0.08488324,Safe,Clean content
5eed48cc-5792-49b0-9a64-c9c780456800,You won't believe what happened next!,0.0048158597,Safe,Clean content
e34604ad-2a40-4f98-9b5b-528930aeaac3,10 tips to stay focused during exams.,0.0005568195,Safe,Clean content
e73f1532-25a1-4ff7-8f9d-b86628d61f48,Check out this new art tutorial.,0.0007006176,Safe,Clean content; Image flagged for: Racy
3c70dedc-402b-49e9-a52a-36dd334a5193,Study hacks for competitive exams.,0.0005901148,Safe,Clean content
5298a3b6-87e7-4f58-b933-9a24f1d1827f,Join us live for the global science fair.,0.0005469048,Safe,Clean content
c9a9901d-1807-45fd-834a-bc9fce2d64be,You won't believe what happened next!,0.0048158597,Safe,Clean content
6b594afe-e435-41e5-bbce-23c1eac4487a,This is the most violent movie scene ever!,0.1111451,Safe,Clean content; Image flagged for: Violence
1809f638-ecf6-4e21-937a-18155d7444ce,Join us live for the global science fair.,0.0005469048,Safe,Clean content
9fb1167f-3918-4129-873f-119b0ec4bc4c,"Hate this so much, can't believe it!",0.20520207,Unsafe,Clean content; Unsafe keyword found
5d42c75b-b2ab-4800-99d4-bc2c0d462209,Study hacks for competitive exams.,0.0005901148,Safe,Clean content
28fd89cc-d748-4c6f-972a-3831315a064d,"Hate this so much, can't believe it!",0.20520207,Unsafe,Clean content; Unsafe keyword found
ddf7648c-1fa6-41f5-a13c-3ac511d3876b,Check out this new art tutorial.,0.0007006176,Safe,Clean content
c60821ae-9c43-4baf-a289-610daea440cb,You won't believe what happened next!,0.0048158597,Safe,Clean content; Image flagged for: Adult
0b077abc-042a-4995-abff-962fbf863070,10 tips to stay focused during exams.,0.0005568195,Safe,Clean content
23b34929-2f53-4511-aafc-9c88bea85a1e,Learning new chess strategies is fun and challenging.,0.00059212616,Safe,Clean content
bb1f9a45-868e-4737-bde4-f78891954e18,"This person is so dumb, LOL.",0.937407,Unsafe,High toxicity detected; Image flagged for: Violence
ca91b155-9c0e-45ea-ad4c-1b92c0fdd9c0,Join us live for the global science fair.,0.0005469048,Safe,Clean content
aac0fcae-90b3-4f66-acfc-c6ac099940ba,Check out this new art tutorial.,0.0007006176,Safe,Clean content
5fe28d4f-1ff8-4cde-b067-5308382be227,10 tips to stay focused during exams.,0.0005568195,Safe,Clean content
2eddab50-fac5-4d77-9596-9c4031dec577,"This person is so dumb, LOL.",0.937407,Unsafe,High toxicity detected
84a84339-99bb-4ec7-8ca0-8bd4e1847c3f,"Hate this so much, can't believe it!",0.20520207,Unsafe,Clean content; Unsafe keyword found
652cf3b7-9a2e-441e-af55-f2ed4a3d978b,Study hacks for competitive exams.,0.0005901148,Safe,Clean content
1569110d-6bfa-491a-914e-efcca81e7f15,Join us live for the global science fair.,0.0005469048,Safe,Clean content
d4e173d3-1a5c-44d6-8b87-e64b07b76457,Check out this new art tutorial.,0.0007006176,Safe,Clean content
bc213a8d-6131-4570-bb4a-08a064b05545,This is the most violent movie scene ever!,0.1111451,Safe,Clean content
5ddc79ca-2c0d-4869-87ef-4e67e3359494,Check out this new art tutorial.,0.0007006176,Safe,Clean content; Image flagged for: Violence
d875f832-861c-4a0d-9fd7-acaafde128f6,You won't believe what happened next!,0.0048158597,Safe,Clean content
9a86560b-17de-4812-856b-5e0216d04475,"Hate this so much, can't believe it!",0.20520207,Unsafe,Clean content; Unsafe keyword found; Image flagged for: Adult
634a9596-cc52-4d3b-9334-8f2d1318d2b5,This is the most violent movie scene ever!,0.1111451,Safe,Clean content
6c1f3bea-9e52-405e-94f7-6c18f0e773f2,Study hacks for competitive exams.,0.0005901148,Safe,Clean content
e86701f8-18c3-4864-97a8-9ab5b4b0eea4,Learning new chess strategies is fun and challenging.,0.00059212616,Safe,Clean content
fec6ed9e-1ae1-478a-ae07-0fe9c2ccafc5,Learning new chess strategies is fun and challenging.,0.00059212616,Safe,Clean content; Image flagged for: Adult
f58e3b10-73ff-43ba-b3bc-c7d4ed9b9b7d,This is the most violent movie scene ever!,0.1111451,Safe,Clean content
eac95b2c-f039-4342-acf3-ab16c17ed37e,Learning new chess strategies is fun and challenging.,0.00059212616,Safe,Clean content
018fea36-fed2-4390-8165-b20482626252,This is the most violent movie scene ever!,0.1111451,Safe,Clean content; Image flagged for: Racy
90c46e69-9c71-4ebf-a58f-fe76ed8c5c34,Check out this new art tutorial.,0.0007006176,Safe,Clean content
ac65d9cb-b2b1-4cb1-826e-a87194a9e8a6,Watch this hilarious prank compilation!,0.08488324,Safe,Clean content
b18f9cd0-4b09-41d9-abb6-120c08ca0ba7,This is the most violent movie scene ever!,0.1111451,Safe,Clean content
eb1075e9-1371-4543-ba6b-1242db06c290,Check out this new art tutorial.,0.0007006176,Safe,Clean content; Image flagged for: Violence
6ecdda6f-a5ef-4ffa-8c3b-a15876236cd1,You won't believe what happened next!,0.0048158597,Safe,Clean content; Image flagged for: Violence
e87e7db8-cbc4-4a8f-84df-b1f3424a0540,This is the most violent movie scene ever!,0.1111451,Safe,Clean content
d6080d77-d0d0-4877-bc0d-2190fceeb379,"This person is so dumb, LOL.",0.937407,Unsafe,High toxicity detected; Image flagged for: Adult
72699c24-68b0-47f0-a965-1bc0b8f8ad9e,Learning new chess strategies is fun and challenging.,0.00059212616,Safe,Clean content; Image flagged for: Adult
50b15642-e220-4d13-ae4b-72482419624e,Watch this hilarious prank compilation!,0.08488324,Safe,Clean content
2fa432d1-a368-440a-a610-ea42b1aa985c,This is the most violent movie scene ever!,0.1111451,Safe,Clean content
07bb545c-c395-4c48-ba97-7ee37c9f4ff5,This is the most violent movie scene ever!,0.1111451,Safe,Clean content; Image flagged for: Racy
831ece75-23a9-434c-8d35-07ae98efa235,"Hate this so much, can't believe it!",0.20520207,Unsafe,Clean content; Unsafe keyword found
d9b6a89f-95bc-4a73-b65e-30e03f20595a,"Hate this so much, can't believe it!",0.20520207,Unsafe,Clean content; Unsafe keyword found; Image flagged for: Racy
c19c7da8-056c-4940-89d7-88c2878d3777,Watch this hilarious prank compilation!,0.08488324,Safe,Clean content
0b2998c5-551a-4703-991a-19d12c8d84f8,Watch this hilarious prank compilation!,0.08488324,Safe,Clean content
7a5a812a-bbeb-4903-825c-f4fc0988b733,10 tips to stay focused during exams.,0.0005568195,Safe,Clean content
26966b2f-abfc-49f3-a8d9-fc0df5bfcb13,This is the most violent movie scene ever!,0.1111451,Safe,Clean content; Image flagged for: Racy
8b012e07-1de7-4242-ae34-4dc9ca7e4837,This is the most violent movie scene ever!,0.1111451,Safe,Clean content
9002edc6-3463-43ee-b572-edc824baa123,"Hate this so much, can't believe it!",0.20520207,Unsafe,Clean content; Unsafe keyword found; Image flagged for: Violence
bcca702a-dbe1-42ac-9d0e-ef36cf242966,This is the most violent movie scene ever!,0.1111451,Safe,Clean content
9fdc0cc9-7713-41be-b51a-c444287b473a,Learning new chess strategies is fun and challenging.,0.00059212616,Safe,Clean content
2490aaeb-749f-4b41-b0f3-bca684ea92c6,Check out this new art tutorial.,0.0007006176,Safe,Clean content
d18f0fc5-ade2-4d19-bf74-775e05562bde,Learning new chess strategies is fun and challenging.,0.00059212616,Safe,Clean content
7aad36df-9147-4a68-b37a-70974b75e0e4,"Hate this so much, can't believe it!",0.20520207,Unsafe,Clean content; Unsafe keyword found; Image flagged for: Racy
e89e0bb7-3f0d-4ebd-aeda-31c9c0144e6a,Check out this new art tutorial.,0.0007006176,Safe,Clean content
cd2959f4-2087-4603-9338-b361be4a5f21,"Hate this so much, can't believe it!",0.20520207,Unsafe,Clean content; Unsafe keyword found
e33eaed7-1c16-4360-8833-d27be290c28f,You won't believe what happened next!,0.0048158597,Safe,Clean content
7a801543-191e-4919-8afe-f3ce00136699,Check out this new art tutorial.,0.0007006176,Safe,Clean content
656ff8e6-5ff7-4e3c-b851-158a6ce67825,Learning new chess strategies is fun and challenging.,0.00059212616,Safe,Clean content
0c829c49-a778-408f-ac7a-38f3eb1650f6,Learning new chess strategies is fun and challenging.,0.00059212616,Safe,Clean content
96edf903-b2e5-477c-99d8-d36476c2e02a,Study hacks for competitive exams.,0.0005901148,Safe,Clean content
c45d1322-a64f-42e5-bbf6-7d5d8da8b888,This is the most violent movie scene ever!,0.1111451,Safe,Clean content; Image flagged for: Violence
25843c59-0c21-4e1b-8ad8-b9f4dda30364,Check out this new art tutorial.,0.0007006176,Safe,Clean content
5dbc0dfc-5ef1-4fde-94ce-d650d3e61846,Watch this hilarious prank compilation!,0.08488324,Safe,Clean content
43fbd848-6f71-4564-8fd7-551daef46c54,Join us live for the global science fair.,0.0005469048,Safe,Clean content; Image flagged for: Adult
3ac74151-3460-4a13-a584-5a38a2368cb2,This is the most violent movie scene ever!,0.1111451,Safe,Clean content; Image flagged for: Violence
d95bf671-b9ef-462e-8350-79cc3f727856,10 tips to stay focused during exams.,0.0005568195,Safe,Clean content
1307aaf1-fab6-4773-a3e7-b0b26bdd1f6c,Watch this hilarious prank compilation!,0.08488324,Safe,Clean content
5f2f50c2-0277-4811-8898-6e5188acf915,This is the most violent movie scene ever!,0.1111451,Safe,Clean content
85e07418-92f4-4a02-990c-c14356834b84,You won't believe what happened next!,0.0048158597,Safe,Clean content
1c0a0df6-bcbb-4cf8-b281-4489da2a2546,You won't believe what happened next!,0.0048158597,Safe,Clean content
d1872f34-0f9c-4f89-9cbd-3d9857570609,You won't believe what happened next!,0.0048158597,Safe,Clean content
b924abfd-03b0-4935-a96b-d6f4d993fd8c,10 tips to stay focused during exams.,0.0005568195,Safe,Clean content
16bf7766-5c09-4621-8463-9c6c406767a8,Learning new chess strategies is fun and challenging.,0.00059212616,Safe,Clean content; Image flagged for: Adult
a535b138-c6ee-483a-a4e3-ec3a22c2f27b,Check out this new art tutorial.,0.0007006176,Safe,Clean content
d1874174-f451-491f-8322-befc88af8235,Learning new chess strategies is fun and challenging.,0.00059212616,Safe,Clean content; Image flagged for: Violence
2d98e608-50dd-4298-9e7e-9913e6110602,Join us live for the global science fair.,0.0005469048,Safe,Clean content
8fc83023-6870-4102-ab2e-c84186d7b628,10 tips to stay focused during exams.,0.0005568195,Safe,Clean content
82a473ab-e758-47c1-b8ea-972f78f4a647,10 tips to stay focused during exams.,0.0005568195,Safe,Clean content
6bb6cd20-4457-4dc4-8de8-ec65f25569c6,10 tips to stay focused during exams.,0.0005568195,Safe,Clean content; Image flagged for: Violence
4e0c8bf4-68b8-4abe-b31b-1f9b26137a07,Watch this hilarious prank compilation!,0.08488324,Safe,Clean content
c0fa3956-34a3-45a2-a146-fe00ef49976b,10 tips to stay focused during exams.,0.0005568195,Safe,Clean content; Image flagged for: Adult
6cda359d-20a2-48e4-b1d9-d54067b75e8a,Learning new chess strategies is fun and challenging.,0.00059212616,Safe,Clean content
7e04025f-8a8a-4730-9442-64c111de25a2,You won't believe what happened next!,0.0048158597,Safe,Clean content; Image flagged for: Violence
d2038bd7-2181-4468-ad7a-161d16183348,Watch this hilarious prank compilation!,0.08488324,Safe,Clean content
e6a73889-3420-4e6f-8100-3b9d3ff0f2c4,Check out this new art tutorial.,0.0007006176,Safe,Clean content
1603971a-abd0-4d30-8b71-7c60b6c3b57d,Learning new chess strategies is fun and challenging.,0.00059212616,Safe,Clean content
0a763c7c-2974-4b07-97d7-54982476ef10,Watch this hilarious prank compilation!,0.08488324,Safe,Clean content
c84c596a-f24c-4252-aed6-4d0984ad5cbc,Join us live for the global science fair.,0.0005469048,Safe,Clean content
303cbe59-a660-4e58-9952-93776c9bdd57,"This person is so dumb, LOL.",0.937407,Unsafe,High toxicity detected
ff52d203-4fc1-43a2-90cc-12eab575b435,You won't believe what happened next!,0.0048158597,Safe,Clean content
c33271b9-809c-4684-8389-842c0dfb8b48,This is the most violent movie scene ever!,0.1111451,Safe,Clean content
276f6a4b-3ade-4ee8-a6ee-443e99aea018,"Hate this so much, can't believe it!",0.20520207,Unsafe,Clean content; Unsafe keyword found
752887aa-86ab-4c6e-b5cd-b2c923c8f312,Join us live for the global science fair.,0.0005469048,Safe,Clean content
d876fd48-5801-4fde-99f3-214bf1a631b7,Check out this new art tutorial.,0.0007006176,Safe,Clean content; Image flagged for: Adult
ebc7581d-4c6f-463d-8b69-144e3ccc3102,You won't believe what happened next!,0.0048158597,Safe,Clean content
d56b4cd9-5f6b-458b-b528-b90604930589,"Hate this so much, can't believe it!",0.20520207,Unsafe,Clean content; Unsafe keyword found; Image flagged for: Violence
5884e21c-e9cd-4a98-97ac-2342e0a20884,Learning new chess strategies is fun and challenging.,0.00059212616,Safe,Clean content
0a990d45-2a90-417a-bf49-e4f294b2019e,Learning new chess strategies is fun and challenging.,0.00059212616,Safe,Clean content; Image flagged for: Adult
98f35249-fe90-4728-bc4a-e59af4b58625,10 tips to stay focused during exams.,0.0005568195,Safe,Clean content
73ad657c-471d-4c53-a738-7babba0bff3b,You won't believe what happened next!,0.0048158597,Safe,Clean content
0318a557-45d4-4cfc-94cf-395ffa938307,"This person is so dumb, LOL.",0.937407,Unsafe,High toxicity detected; Image flagged for: Violence
d97bb1da-0a57-48df-8c1b-1c80f54ea4ba,"Hate this so much, can't believe it!",0.20520207,Unsafe,Clean content; Unsafe keyword found
3d848738-a829-4173-bfa8-b7c0906420a2,Learning new chess strategies is fun and challenging.,0.00059212616,Safe,Clean content
219e90e8-1889-4c58-8549-91db75f28e9b,Learning new chess strategies is fun and challenging.,0.00059212616,Safe,Clean content; Image flagged for: Violence
d0133e5c-de72-4f3e-9130-568e91550712,Watch this hilarious prank compilation!,0.08488324,Safe,Clean content
727b87fa-997f-4008-9744-d65790dab8de,Study hacks for competitive exams.,0.0005901148,Safe,Clean content
2e4a7420-48b5-4dd3-9434-2dd7b5041509,"Hate this so much, can't believe it!",0.20520207,Unsafe,Clean content; Unsafe keyword found
832c3258-efe1-4425-95a9-73397e330fe9,"Hate this so much, can't believe it!",0.20520207,Unsafe,Clean content; Unsafe keyword found; Image flagged for: Adult
825a74f9-3e8f-4534-b02e-c271076a356a,"This person is so dumb, LOL.",0.937407,Unsafe,High toxicity detected
32d40b81-b617-445e-9d1d-3f9f8be774a5,Study hacks for competitive exams.,0.0005901148,Safe,Clean content
05456fa5-73b6-4cf5-a65c-88216e6c2403,This is the most violent movie scene ever!,0.1111451,Safe,Clean content
cc431249-fd16-4501-b82e-da8db30e3397,"Hate this so much, can't believe it!",0.20520207,Unsafe,Clean content; Unsafe keyword found
82ad325f-9790-4ac0-b022-dd4916b5e04d,Watch this hilarious prank compilation!,0.08488324,Safe,Clean content
63c762ef-908e-4334-9dd4-4d7057c5c58d,Join us live for the global science fair.,0.0005469048,Safe,Clean content
33a57e90-9144-4737-81ef-41211660a063,You won't believe what happened next!,0.0048158597,Safe,Clean content; Image flagged for: Racy
074e6d62-83cb-45b9-8101-e5d33d8e8043,"This person is so dumb, LOL.",0.937407,Unsafe,High toxicity detected; Image flagged for: Violence
09c5c6e5-8abd-47f3-9e38-10e18b3b12c3,Check out this new art tutorial.,0.0007006176,Safe,Clean content; Image flagged for: Adult
09ef4c39-dcff-4f71-9e5d-bcc71c2943c4,This is the most violent movie scene ever!,0.1111451,Safe,Clean content
984eeb2b-1296-4957-b92c-5e2790a41b40,Check out this new art tutorial.,0.0007006176,Safe,Clean content
b9437ad3-8110-49ed-b48b-6149068bce73,You won't believe what happened next!,0.0048158597,Safe,Clean content
df5c7ce8-0bf6-4238-b18a-2b9eb7d73547,"This person is so dumb, LOL.",0.937407,Unsafe,High toxicity detected
92f08813-103a-4bb4-aa88-b825d5597fc9,Study hacks for competitive exams.,0.0005901148,Safe,Clean content
46f956e2-f3ae-4065-a492-cbe2b7f406ed,"Hate this so much, can't believe it!",0.20520207,Unsafe,Clean content; Unsafe keyword found; Image flagged for: Violence
92c53f2b-93c7-4aec-ab77-956f2d0b0b61,"Hate this so much, can't believe it!",0.20520207,Unsafe,Clean content; Unsafe keyword found
b7b149e7-d9fc-499a-a390-41ea78c26fbd,You won't believe what happened next!,0.0048158597,Safe,Clean content; Image flagged for: Violence
42471b50-7e03-470b-a1ba-c2e7d593d8d2,You won't believe what happened next!,0.0048158597,Safe,Clean content
97324748-213d-43a8-90b8-bc89fc4749e0,"Hate this so much, can't believe it!",0.20520207,Unsafe,Clean content; Unsafe keyword found
4562640a-2c38-4f46-bc5b-7dccbf4a8550,You won't believe what happened next!,0.0048158597,Safe,Clean content
2235e7da-7c4e-4398-abcb-25030f950675,You won't believe what happened next!,0.0048158597,Safe,Clean content
4eccac72-13e5-4039-8fb7-3e14acb9c7fd,"Hate this so much, can't believe it!",0.20520207,Unsafe,Clean content; Unsafe keyword found; Image flagged for: Racy
7c96d31b-3d59-419e-b6ff-437b698f62bd,"This person is so dumb, LOL.",0.937407,Unsafe,High toxicity detected
009bbe27-0e25-413a-8f9f-041d0eab1b41,"Hate this so much, can't believe it!",0.20520207,Unsafe,Clean content; Unsafe keyword found; Image flagged for: Violence
37f3e4e4-5537-491c-aa63-e914df9e6397,10 tips to stay focused during exams.,0.0005568195,Safe,Clean content; Image flagged for: Violence
a1ad05f4-983c-44d1-b460-38a2e9d71f06,"Hate this so much, can't believe it!",0.20520207,Unsafe,Clean content; Unsafe keyword found
1be16b24-81c7-484e-ad1b-7c0dbd69c499,This is the most violent movie scene ever!,0.1111451,Safe,Clean content
0ceccc03-95cc-4b6f-92e7-1ce89a4c5fce,Join us live for the global science fair.,0.0005469048,Safe,Clean content; Image flagged for: Racy
cace89ff-b728-42b0-bdc6-a31be34f1d0e,"This person is so dumb, LOL.",0.937407,Unsafe,High toxicity detected
97803143-1d63-42a3-ad8a-e5f73674dfa5,This is the most violent movie scene ever!,0.1111451,Safe,Clean content
dfddacaa-a712-4193-b30f-74015bd1b62f,Check out this new art tutorial.,0.0007006176,Safe,Clean content; Image flagged for: Violence
6ef37ac0-5731-48c6-af06-3926f787f3e0,"This person is so dumb, LOL.",0.937407,Unsafe,High toxicity detected
6b1a6511-83bb-40c3-996c-4d3403fed5a5,"Hate this so much, can't believe it!",0.20520207,Unsafe,Clean content; Unsafe keyword found
8edd5f13-3a33-4045-98dd-770221ae7e0e,Watch this hilarious prank compilation!,0.08488324,Safe,Clean content
cc945dc7-1ae7-4f22-8acc-fad25870c011,Learning new chess strategies is fun and challenging.,0.00059212616,Safe,Clean content
c4de443b-5ec0-497f-b188-d3754065cf2c,Watch this hilarious prank compilation!,0.08488324,Safe,Clean content
4b4b51a8-82e9-4c19-b276-f004d32f3cff,"This person is so dumb, LOL.",0.937407,Unsafe,High toxicity detected; Image flagged for: Adult
0affc909-243f-4699-82fc-f3353d051230,"Hate this so much, can't believe it!",0.20520207,Unsafe,Clean content; Unsafe keyword found; Image flagged for: Racy
ff97e386-7e00-4823-9033-a35e9feb5579,10 tips to stay focused during exams.,0.0005568195,Safe,Clean content
1c635cfe-87a3-4601-8c5f-c4b6c06f600f,Check out this new art tutorial.,0.0007006176,Safe,Clean content; Image flagged for: Racy
6e0f235f-a7d6-4cc6-9c81-3dd681cdd71f,Check out this new art tutorial.,0.0007006176,Safe,Clean content
99418c98-c478-45dc-938b-db1b19eabb73,Watch this hilarious prank compilation!,0.08488324,Safe,Clean content
d911d7a1-e74d-4faf-a397-46a4308f7b5b,Watch this hilarious prank compilation!,0.08488324,Safe,Clean content
211a9007-c93d-4ae0-8338-b55b7dd2d515,You won't believe what happened next!,0.0048158597,Safe,Clean content
b784097c-663d-4475-8c67-ea16a8ea3e99,Join us live for the global science fair.,0.0005469048,Safe,Clean content
f446f458-15c0-4557-997e-ef2842fe4b73,This is the most violent movie scene ever!,0.1111451,Safe,Clean content
ef8d7163-965f-4b08-bda8-075c672c7c5c,"Hate this so much, can't believe it!",0.20520207,Unsafe,Clean content; Unsafe keyword found; Image flagged for: Racy
4361963b-ac72-4bb3-8baf-3ce3626ffdcf,Learning new chess strategies is fun and challenging.,0.00059212616,Safe,Clean content
35357059-ff8c-4cb9-a449-fe82bee9b349,10 tips to stay focused during exams.,0.0005568195,Safe,Clean content
94d51cef-b0cd-4e1d-b42c-c1370db088d0,"This person is so dumb, LOL.",0.937407,Unsafe,High toxicity detected
ed867cde-7993-4b95-9c93-6eb6da1cd5b4,Join us live for the global science fair.,0.0005469048,Safe,Clean content
7913ae0e-3356-4646-88c1-7a07598dfa24,This is the most violent movie scene ever!,0.1111451,Safe,Clean content
5b9f1775-070f-4095-a508-bf467d569b31,"Hate this so much, can't believe it!",0.20520207,Unsafe,Clean content; Unsafe keyword found
69df80f2-49fb-44be-8fc2-1f02d74df090,You won't believe what happened next!,0.0048158597,Safe,Clean content
cb98a636-9235-41a4-bedf-d40c376e78f6,Learning new chess strategies is fun and challenging.,0.00059212616,Safe,Clean content; Image flagged for: Racy
f29f56ae-657a-40af-99cb-7d279789daa4,"This person is so dumb, LOL.",0.937407,Unsafe,High toxicity detected
9e350531-81a6-4580-b291-62bf7fb3416b,Join us live for the global science fair.,0.0005469048,Safe,Clean content
5fc652c2-f83a-4b0a-ae02-32b173f63dc2,Join us live for the global science fair.,0.0005469048,Safe,Clean content; Image flagged for: Racy
052b5719-fef5-452e-a159-3003caa10d7c,10 tips to stay focused during exams.,0.0005568195,Safe,Clean content
548ca7c4-ca6b-40cd-b36a-eecf6f4229b8,10 tips to stay focused during exams.,0.0005568195,Safe,Clean content
5304efa3-b21a-49f6-8648-27d530ee8d44,Learning new chess strategies is fun and challenging.,0.00059212616,Safe,Clean content
691ad184-9867-4f91-92ba-64b75c182e6b,Learning new chess strategies is fun and challenging.,0.00059212616,Safe,Clean content
9bf97173-0171-443f-8264-e19c0d6d1040,"This person is so dumb, LOL.",0.937407,Unsafe,High toxicity detected; Image flagged for: Adult
5d8af54e-9d71-4442-a05a-437c96014a2e,"Hate this so much, can't believe it!",0.20520207,Unsafe,Clean content; Unsafe keyword found
98ccc491-5921-442b-a753-ae42bb23e27f,Learning new chess strategies is fun and challenging.,0.00059212616,Safe,Clean content; Image flagged for: Racy
bd8533e0-35a0-4605-9eb2-e904ea2e7bcc,You won't believe what happened next!,0.0048158597,Safe,Clean content; Image flagged for: Adult
cfc2ec58-e3e1-443f-a973-d8881496f0ec,10 tips to stay focused during exams.,0.0005568195,Safe,Clean content
120886b3-1eb6-414c-9e64-fc8cf47cad15,"Hate this so much, can't believe it!",0.20520207,Unsafe,Clean content; Unsafe keyword found
46dc4036-1c18-437a-99b5-03ec2402f3d6,10 tips to stay focused during exams.,0.0005568195,Safe,Clean content
152eb0b0-e10b-4555-8841-0808aa396993,This is the most violent movie scene ever!,0.1111451,Safe,Clean content
98a71f77-5a2e-4663-aaf3-b98b37aba377,Learning new chess strategies is fun and challenging.,0.00059212616,Safe,Clean content; Image flagged for: Violence
e2055e99-07a4-4443-ad95-5f4c4d27e2b0,"This person is so dumb, LOL.",0.937407,Unsafe,High toxicity detected
b1b84698-692d-4b5a-a2f4-56f5f2338fd4,Watch this hilarious prank compilation!,0.08488324,Safe,Clean content
f00f3dbf-e5e4-4410-ae58-7f3c3a9f2ec6,You won't believe what happened next!,0.0048158597,Safe,Clean content
3296eccf-b7b9-4f17-8d47-a4469269493c,Study hacks for competitive exams.,0.0005901148,Safe,Clean content
a3712368-98c9-4a94-8769-1c889c1a54a5,Check out this new art tutorial.,0.0007006176,Safe,Clean content
c6150c15-2296-4fa2-ae2c-7912ecda2a35,Check out this new art tutorial.,0.0007006176,Safe,Clean content; Image flagged for: Violence
bcc9886a-6e82-422e-9786-fd44a8b59c80,Learning new chess strategies is fun and challenging.,0.00059212616,Safe,Clean content; Image flagged for: Racy
11698b28-fab1-40fa-9070-83d1bdfd4866,This is the most violent movie scene ever!,0.1111451,Safe,Clean content
b69c8812-1ab1-45f4-a0c7-4f8eafd1c5a5,Check out this new art tutorial.,0.0007006176,Safe,Clean content
e4c9d02e-6dbf-400d-94e3-a122b9bdac0b,"Hate this so much, can't believe it!",0.20520207,Unsafe,Clean content; Unsafe keyword found
bc5a0fef-bb84-4eff-b286-043bd652961e,Check out this new art tutorial.,0.0007006176,Safe,Clean content
cdff14f4-e483-405b-97fa-8b23a7fa07b1,Learning new chess strategies is fun and challenging.,0.00059212616,Safe,Clean content
1a2f1741-8273-4dd5-9935-273c74e1e3a3,Watch this hilarious prank compilation!,0.08488324,Safe,Clean content
cca11637-7a37-4bf1-8946-e965c383a950,"Hate this so much, can't believe it!",0.20520207,Unsafe,Clean content; Unsafe keyword found
bf0cd0b8-2ac2-4c1f-b00f-97056d74fa7c,This is the most violent movie scene ever!,0.1111451,Safe,Clean content; Image flagged for: Racy
31e991b3-7ac2-4f42-833a-a40f052719eb,You won't believe what happened next!,0.0048158597,Safe,Clean content; Image flagged for: Racy
513ea59a-15c0-4de1-8027-d977c8872326,Learning new chess strategies is fun and challenging.,0.00059212616,Safe,Clean content
54f5edcb-ec4e-4bd8-83cb-aff5eccb0b44,"Hate this so much, can't believe it!",0.20520207,Unsafe,Clean content; Unsafe keyword found
a2ae0f7c-bb64-4fd0-93d4-a358a0d21a55,Watch this hilarious prank compilation!,0.08488324,Safe,Clean content
bfae78be-caf0-4ce1-8798-d13d02109524,You won't believe what happened next!,0.0048158597,Safe,Clean content
b9439677-c649-437f-b378-1ff56f92feba,Learning new chess strategies is fun and challenging.,0.00059212616,Safe,Clean content
c82d2470-88cf-4cc9-9a40-0c264689d301,You won't believe what happened next!,0.0048158597,Safe,Clean content
301fcd00-f32a-45c2-8b5c-b1f57be16964,Learning new chess strategies is fun and challenging.,0.00059212616,Safe,Clean content
66edbf8a-0c08-477d-bcd0-bcffeec6d287,"Hate this so much, can't believe it!",0.20520207,Unsafe,Clean content; Unsafe keyword found
a97b46d4-e3b2-44c7-8caa-f9352b5ab949,Study hacks for competitive exams.,0.0005901148,Safe,Clean content
af7cc300-e258-480c-a936-39118afe8084,"Hate this so much, can't believe it!",0.20520207,Unsafe,Clean content; Unsafe keyword found; Image flagged for: Adult
01061ea9-dbaf-4c65-98e4-1fd5b097f635,10 tips to stay focused during exams.,0.0005568195,Safe,Clean content
fa7cdd63-9121-466d-8702-0e133a5f83ba,"This person is so dumb, LOL.",0.937407,Unsafe,High toxicity detected; Image flagged for: Adult
610c9248-be61-43e2-adfd-8ab608d5af5b,You won't believe what happened next!,0.0048158597,Safe,Clean content
91548c19-95be-446b-9513-08f8d3e39c5d,You won't believe what happened next!,0.0048158597,Safe,Clean content
bebdb063-937a-4067-96fb-3e14416fde87,You won't believe what happened next!,0.0048158597,Safe,Clean content; Image flagged for: Adult
9176589d-6b0e-4865-a763-aed815bc2a81,This is the most violent movie scene ever!,0.1111451,Safe,Clean content; Image flagged for: Racy
cfc376e1-5444-41ab-b890-14b791b8a4cc,Join us live for the global science fair.,0.0005469048,Safe,Clean content
d7951b7b-0e54-4695-9bd2-8f16290de00d,"This person is so dumb, LOL.",0.937407,Unsafe,High toxicity detected; Image flagged for: Racy
bc2ef67a-343f-436b-86f5-7601a977c0c5,This is the most violent movie scene ever!,0.1111451,Safe,Clean content
197383ed-8a21-477c-af63-d68a320af2ae,Learning new chess strategies is fun and challenging.,0.00059212616,Safe,Clean content
fbd18fa5-98bd-43ff-9561-a713cd2c5c73,Learning new chess strategies is fun and challenging.,0.00059212616,Safe,Clean content
21d5f6bc-dacc-4527-ad39-6b447c77bc4c,Study hacks for competitive exams.,0.0005901148,Safe,Clean content
c76af6d9-6ff9-4f97-8c9c-a9733be72f95,10 tips to stay focused during exams.,0.0005568195,Safe,Clean content
6fc8a30c-0f03-42a4-9366-decccc37c3df,"This person is so dumb, LOL.",0.937407,Unsafe,High toxicity detected
d6e6accd-13f0-4aa1-afa1-47c568c8bef1,Check out this new art tutorial.,0.0007006176,Safe,Clean content
6cc0ceb8-4070-4c94-ada8-d43009b9c9e9,This is the most violent movie scene ever!,0.1111451,Safe,Clean content
b525313d-a73d-428f-a1c6-17cdfdf392d1,This is the most violent movie scene ever!,0.1111451,Safe,Clean content
fda3b9a0-b2b9-4060-b906-f8306e359324,You won't believe what happened next!,0.0048158597,Safe,Clean content; Image flagged for: Violence
23a82c0f-6ef4-4200-ac6e-61011893d78f,This is the most violent movie scene ever!,0.1111451,Safe,Clean content; Image flagged for: Violence
0a1afff4-7fc8-45b7-b17a-8ecc0a8801be,This is the most violent movie scene ever!,0.1111451,Safe,Clean content; Image flagged for: Racy
0fe54de1-725b-48b1-b0c1-ef1ca5614185,You won't believe what happened next!,0.0048158597,Safe,Clean content
1fb26fb3-527d-461e-aff9-248f63362340,10 tips to stay focused during exams.,0.0005568195,Safe,Clean content
b0c798c5-719c-4998-bbfe-77bfc7a4273b,10 tips to stay focused during exams.,0.0005568195,Safe,Clean content
07b2e106-f990-4bb6-8ed5-895051739e50,"This person is so dumb, LOL.",0.937407,Unsafe,High toxicity detected
cdee02bc-1525-4448-891d-5238365d8ee5,You won't believe what happened next!,0.0048158597,Safe,Clean content; Image flagged for: Adult
fa264c1f-ffe0-472f-946a-6ee3695bafe2,"This person is so dumb, LOL.",0.937407,Unsafe,High toxicity detected
b077054f-7e7c-4f04-8fd3-2dddf320601f,Learning new chess strategies is fun and challenging.,0.00059212616,Safe,Clean content
01a03187-ca1f-449d-a1e5-b860bc371bba,This is the most violent movie scene ever!,0.1111451,Safe,Clean content; Image flagged for: Adult
771c75c7-5e39-4faa-b99e-008ad274564c,Join us live for the global science fair.,0.0005469048,Safe,Clean content; Image flagged for: Adult
098a576b-ebab-4553-b1e2-64022aae5f8b,10 tips to stay focused during exams.,0.0005568195,Safe,Clean content
e610967f-64f1-481b-9a08-a47880f47f9a,You won't believe what happened next!,0.0048158597,Safe,Clean content
e4edab88-cba2-4ff6-b622-fa3de99f10c3,Check out this new art tutorial.,0.0007006176,Safe,Clean content
fde97d30-5178-4afd-8d80-95b0c396c2e9,Learning new chess strategies is fun and challenging.,0.00059212616,Safe,Clean content
4e3aa55b-99aa-472f-b83e-16ea1e8df0ed,"Hate this so much, can't believe it!",0.20520207,Unsafe,Clean content; Unsafe keyword found; Image flagged for: Adult
c356124a-bcc3-4967-9365-75cc7988cdb3,Join us live for the global science fair.,0.0005469048,Safe,Clean content
37f4024b-0985-432c-a5a7-c139c66d98fd,This is the most violent movie scene ever!,0.1111451,Safe,Clean content; Image flagged for: Racy
60c12657-2d94-4d07-99ae-e5a0954faee4,You won't believe what happened next!,0.0048158597,Safe,Clean content
ed56825b-403e-4c41-aa67-8064a4c00d2d,Watch this hilarious prank compilation!,0.08488324,Safe,Clean content
129af94d-7a85-40e2-892d-9fc11295935c,You won't believe what happened next!,0.0048158597,Safe,Clean content
c505f3c1-1071-4787-9547-88422fd031d3,Join us live for the global science fair.,0.0005469048,Safe,Clean content; Image flagged for: Adult
21cf1ff9-e1d1-4596-9208-b78597880d39,This is the most violent movie scene ever!,0.1111451,Safe,Clean content
c9e85207-8973-4d33-aa60-54da7369d8fd,Watch this hilarious prank compilation!,0.08488324,Safe,Clean content; Image flagged for: Racy
1352a114-4036-41b1-a72d-001ae02ae80d,Study hacks for competitive exams.,0.0005901148,Safe,Clean content
0baef054-5d79-4d02-904a-35136c3c2260,Join us live for the global science fair.,0.0005469048,Safe,Clean content
6ad856fc-171e-4e89-ae07-aa8c1c9f5d47,Check out this new art tutorial.,0.0007006176,Safe,Clean content
cc3d23b9-1942-404d-a22e-66e2ddd1c246,Study hacks for competitive exams.,0.0005901148,Safe,Clean content
d5797ffa-34a1-4aab-af4a-6986bbaf99b7,You won't believe what happened next!,0.0048158597,Safe,Clean content
aea151fc-658b-4f49-b12d-907bbbfa11be,You won't believe what happened next!,0.0048158597,Safe,Clean content; Image flagged for: Racy
39d91b1d-b1d8-492b-a0a8-d514ec9452a9,"This person is so dumb, LOL.",0.937407,Unsafe,High toxicity detected
7f27faa7-6d97-4868-b002-29607327bb53,Join us live for the global science fair.,0.0005469048,Safe,Clean content
648ea1af-7121-4768-81e9-8d9eee02c98b,10 tips to stay focused during exams.,0.0005568195,Safe,Clean content
f5db57ac-669b-4565-8f18-74af109c14db,Watch this hilarious prank compilation!,0.08488324,Safe,Clean content
019f9da0-7546-4f41-b1ac-eb14fcf7b08f,Learning new chess strategies is fun and challenging.,0.00059212616,Safe,Clean content; Image flagged for: Violence
b096befe-013f-4f27-a43a-1b707644f675,10 tips to stay focused during exams.,0.0005568195,Safe,Clean content
c4211f7d-a786-45a4-922c-fa0388a2cc5b,Learning new chess strategies is fun and challenging.,0.00059212616,Safe,Clean content
21a1e375-3702-49a2-8789-b08e90468d28,Watch this hilarious prank compilation!,0.08488324,Safe,Clean content
63996740-02c9-47b7-b631-f415be221f77,10 tips to stay focused during exams.,0.0005568195,Safe,Clean content; Image flagged for: Adult
b08c816a-1eee-44e9-a83d-5863e1eb6c30,You won't believe what happened next!,0.0048158597,Safe,Clean content
902a6f8f-f8e1-499c-9350-c88f7f49aff6,This is the most violent movie scene ever!,0.1111451,Safe,Clean content
160cecd9-2b4d-43c6-8d14-7d91d0e072e3,"This person is so dumb, LOL.",0.937407,Unsafe,High toxicity detected; Image flagged for: Adult
d4e8af14-7d7c-4af5-8809-db86052299fe,"Hate this so much, can't believe it!",0.20520207,Unsafe,Clean content; Unsafe keyword found; Image flagged for: Racy
77d71757-5458-4a74-97d5-4c1b946b3e9e,Check out this new art tutorial.,0.0007006176,Safe,Clean content; Image flagged for: Racy
60063560-2640-41da-990b-976416e9525c,Learning new chess strategies is fun and challenging.,0.00059212616,Safe,Clean content
8a046897-72a9-4a2b-abf0-d8f96532e5fa,Learning new chess strategies is fun and challenging.,0.00059212616,Safe,Clean content
2b262135-1391-4cc9-88e9-2665939752b2,Study hacks for competitive exams.,0.0005901148,Safe,Clean content
d1969412-0328-4c10-b549-5c4307b01708,This is the most violent movie scene ever!,0.1111451,Safe,Clean content
e10a472d-2201-42c6-b29b-126e5220e4ed,Check out this new art tutorial.,0.0007006176,Safe,Clean content
185dd789-88a1-4dfa-85a1-433463a83dac,Learning new chess strategies is fun and challenging.,0.00059212616,Safe,Clean content
a0103ecc-ad6a-4520-9f18-ccf8fd0b5d60,Join us live for the global science fair.,0.0005469048,Safe,Clean content
bc81685e-9fc5-4594-b97f-f99896bd726c,"Hate this so much, can't believe it!",0.20520207,Unsafe,Clean content; Unsafe keyword found
06a1d6c1-99de-4c3d-9b29-f6a180ee9868,Study hacks for competitive exams.,0.0005901148,Safe,Clean content; Image flagged for: Violence
09d4eb24-5f2b-4c21-ac9a-ff708509f779,Watch this hilarious prank compilation!,0.08488324,Safe,Clean content
ddde8d92-a269-4b27-b957-271b808099fb,Study hacks for competitive exams.,0.0005901148,Safe,Clean content; Image flagged for: Adult
31632cfd-2b0c-4b70-8d22-562e0a0e08cb,Check out this new art tutorial.,0.0007006176,Safe,Clean content
a086f16e-3c08-4fac-bbbb-643d056c252a,Check out this new art tutorial.,0.0007006176,Safe,Clean content
4ae441a8-b566-43c6-98be-3677017c7cd6,This is the most violent movie scene ever!,0.1111451,Safe,Clean content; Image flagged for: Adult
83900081-f7ae-445e-b778-1370a6a08ca0,Join us live for the global science fair.,0.0005469048,Safe,Clean content
26e09fad-e993-4ac4-890a-f5eb89746070,"This person is so dumb, LOL.",0.937407,Unsafe,High toxicity detected
ea964749-bdcb-4bbc-9dbf-18b1931049bc,You won't believe what happened next!,0.0048158597,Safe,Clean content
0d3228b5-a1ec-4571-8645-d020bf39dc87,Learning new chess strategies is fun and challenging.,0.00059212616,Safe,Clean content
ef157129-53a8-4d36-8503-286e5e255bf3,"Hate this so much, can't believe it!",0.20520207,Unsafe,Clean content; Unsafe keyword found; Image flagged for: Racy
fe3823f5-7ad4-4cfe-8620-63a150b5e571,10 tips to stay focused during exams.,0.0005568195,Safe,Clean content; Image flagged for: Violence
09888486-e78f-4ec1-a78a-a70046176016,Check out this new art tutorial.,0.0007006176,Safe,Clean content; Image flagged for: Violence
46ceb316-3599-4d37-86f4-670d5853e337,Learning new chess strategies is fun and challenging.,0.00059212616,Safe,Clean content; Image flagged for: Violence
a61a4390-eed7-4eab-910d-0f0adb87b2e1,"Hate this so much, can't believe it!",0.20520207,Unsafe,Clean content; Unsafe keyword found; Image flagged for: Racy
286cc37d-2c8d-4912-ab33-0d211a44263f,Study hacks for competitive exams.,0.0005901148,Safe,Clean content
f0e56219-162a-4ffb-986f-536d672276be,"Hate this so much, can't believe it!",0.20520207,Unsafe,Clean content; Unsafe keyword found
6a062fc1-4dad-4a42-8228-78e264394071,Study hacks for competitive exams.,0.0005901148,Safe,Clean content; Image flagged for: Racy
a1f45648-77b4-4466-98ed-ce323efb7e28,Check out this new art tutorial.,0.0007006176,Safe,Clean content
5e7fe66f-19aa-4083-8b59-cbe812f1dd4b,This is the most violent movie scene ever!,0.1111451,Safe,Clean content
f5726ec4-c524-4ff0-b06c-0cae2dd9ffaa,You won't believe what happened next!,0.0048158597,Safe,Clean content; Image flagged for: Adult
bb91bb9c-d180-4b56-af2b-98a110291bb9,This is the most violent movie scene ever!,0.1111451,Safe,Clean content
1a77fc94-7e13-4c59-8fab-791d2330a0a2,Watch this hilarious prank compilation!,0.08488324,Safe,Clean content
d69e4671-8684-4c11-8a44-f6d987a834c2,Check out this new art tutorial.,0.0007006176,Safe,Clean content; Image flagged for: Violence
c9a8662e-ee05-4054-b4e6-31f3c93751b5,Watch this hilarious prank compilation!,0.08488324,Safe,Clean content
59df157e-e033-45c6-98b7-2ff9f209eba5,"Hate this so much, can't believe it!",0.20520207,Unsafe,Clean content; Unsafe keyword found
e17d0aeb-2fa9-442f-8d06-c4d6606a207e,Check out this new art tutorial.,0.0007006176,Safe,Clean content; Image flagged for: Racy
6621415e-b988-4277-aa4b-129ba0ab06ff,Watch this hilarious prank compilation!,0.08488324,Safe,Clean content
260f7607-f544-4267-a239-fa2d5d39f25d,You won't believe what happened next!,0.0048158597,Safe,Clean content
62227787-1dbb-4f86-9ed9-d742376324f4,10 tips to stay focused during exams.,0.0005568195,Safe,Clean content; Image flagged for: Racy
a0f03caa-131a-4e34-9584-f3ae4d2e3bf2,"This person is so dumb, LOL.",0.937407,Unsafe,High toxicity detected
9d48392f-4b9e-4223-b905-6a22a2af2dfd,This is the most violent movie scene ever!,0.1111451,Safe,Clean content; Image flagged for: Violence
6e2b8b3f-f7ee-4d00-8677-58da35c876db,"Hate this so much, can't believe it!",0.20520207,Unsafe,Clean content; Unsafe keyword found; Image flagged for: Adult
f0153c1a-4ab8-4050-ab34-023d4c0a7adc,You won't believe what happened next!,0.0048158597,Safe,Clean content
d903b6a3-77d1-4e27-bdca-e66fe5f6deb6,This is the most violent movie scene ever!,0.1111451,Safe,Clean content
83735737-9200-44cb-9b17-ce469438b3bf,"Hate this so much, can't believe it!",0.20520207,Unsafe,Clean content; Unsafe keyword found
5a696660-6405-4df6-8925-263005626b94,Learning new chess strategies is fun and challenging.,0.00059212616,Safe,Clean content
be1ebbe1-0903-4e82-bb7a-b7d6dfafe9b4,You won't believe what happened next!,0.0048158597,Safe,Clean content
54d25e45-16dd-4f95-8a1d-aa75d57d0b3d,You won't believe what happened next!,0.0048158597,Safe,Clean content
c7ad8c2d-e2c7-4e0a-be0e-9c3f097a0bab,10 tips to stay focused during exams.,0.0005568195,Safe,Clean content
b889d6dd-1d11-450f-a44c-c5b983292e96,10 tips to stay focused during exams.,0.0005568195,Safe,Clean content; Image flagged for: Adult
67654828-3aa6-45cd-8c11-3ff3ceac1ca1,"This person is so dumb, LOL.",0.937407,Unsafe,High toxicity detected; Image flagged for: Adult
0882939f-d829-4f37-8459-ca4fb379d00c,Watch this hilarious prank compilation!,0.08488324,Safe,Clean content; Image flagged for: Racy
26246bd1-e375-4d31-90fa-666dddb0b21c,You won't believe what happened next!,0.0048158597,Safe,Clean content; Image flagged for: Racy
cca70b67-52cb-4b4e-a970-0f7e9c398b0f,Join us live for the global science fair.,0.0005469048,Safe,Clean content; Image flagged for: Racy
ed90e428-1538-4069-83b1-8af98833eb6d,"Hate this so much, can't believe it!",0.20520207,Unsafe,Clean content; Unsafe keyword found
41b60f89-a04c-499f-9a5c-f45f62268ad1,"Hate this so much, can't believe it!",0.20520207,Unsafe,Clean content; Unsafe keyword found; Image flagged for: Racy
059866db-df7f-46b5-93b4-5faaa68880eb,This is the most violent movie scene ever!,0.1111451,Safe,Clean content
c028a2a6-68d8-420e-b6b3-7bede8a18db8,Check out this new art tutorial.,0.0007006176,Safe,Clean content; Image flagged for: Adult
20dc340f-d82b-477f-b504-14e6e18c04cb,Study hacks for competitive exams.,0.0005901148,Safe,Clean content; Image flagged for: Racy
b50c98df-505f-4723-807e-12b44dadb24e,Join us live for the global science fair.,0.0005469048,Safe,Clean content; Image flagged for: Violence
850fd5de-b05c-463e-8a1f-e848fa92f758,Check out this new art tutorial.,0.0007006176,Safe,Clean content
654bc7b4-03dc-4431-923d-def9d77d57bc,Study hacks for competitive exams.,0.0005901148,Safe,Clean content
bd25b027-ddd6-4b1a-bf6d-56c073076a1d,10 tips to stay focused during exams.,0.0005568195,Safe,Clean content
9dd81114-f6bf-4c38-9fbc-8907f522d099,Study hacks for competitive exams.,0.0005901148,Safe,Clean content; Image flagged for: Adult
739967b4-b01c-407c-a9a1-b43455bf391b,"This person is so dumb, LOL.",0.937407,Unsafe,High toxicity detected
0046846e-c049-4041-9ec7-b43cc1728efc,This is the most violent movie scene ever!,0.1111451,Safe,Clean content
c3308447-307a-49a8-8e8a-f6ab50ef86e0,Check out this new art tutorial.,0.0007006176,Safe,Clean content
9e09bdc9-f67e-490f-8d69-b5330b9c9f2b,10 tips to stay focused during exams.,0.0005568195,Safe,Clean content
0d0d658c-f833-49fa-821d-59674ddfe9ec,You won't believe what happened next!,0.0048158597,Safe,Clean content
bc7b6e36-4541-4d99-a58d-c5bc86c3f150,Join us live for the global science fair.,0.0005469048,Safe,Clean content; Image flagged for: Adult
21135fca-e70f-41ca-b7f0-24f0cf8f99bf,"Hate this so much, can't believe it!",0.20520207,Unsafe,Clean content; Unsafe keyword found
e33d00cd-cc82-47e0-a9b3-74e993b17fb9,"Hate this so much, can't believe it!",0.20520207,Unsafe,Clean content; Unsafe keyword found
6e89d311-a350-4462-ba38-b5ad649810cf,"This person is so dumb, LOL.",0.937407,Unsafe,High toxicity detected
b858283d-4ab0-457a-a022-68261b6ca89e,Check out this new art tutorial.,0.0007006176,Safe,Clean content; Image flagged for: Violence
dcfaa8c0-76b2-4b53-90ba-e830420a52bc,"Hate this so much, can't believe it!",0.20520207,Unsafe,Clean content; Unsafe keyword found; Image flagged for: Adult
948b8a3c-9f6e-4226-9291-1ed06350a9b0,Study hacks for competitive exams.,0.0005901148,Safe,Clean content; Image flagged for: Violence
a97d69a2-84f5-4bfd-9690-e5d8d985da36,This is the most violent movie scene ever!,0.1111451,Safe,Clean content
66aff0c4-9d87-4bbd-bdb2-d663fa4e4c28,"Hate this so much, can't believe it!",0.20520207,Unsafe,Clean content; Unsafe keyword found
14d9cbc4-3f80-486b-801f-279990b152ea,Learning new chess strategies is fun and challenging.,0.00059212616,Safe,Clean content; Image flagged for: Racy
55da89a4-a4a9-4563-82c3-5a73adb961b4,Learning new chess strategies is fun and challenging.,0.00059212616,Safe,Clean content
818f7b8b-81a2-4031-8b6c-3f3b83583a94,"Hate this so much, can't believe it!",0.20520207,Unsafe,Clean content; Unsafe keyword found; Image flagged for: Violence
a18321e0-eaf3-41fa-8c79-23c287a2f7e8,This is the most violent movie scene ever!,0.1111451,Safe,Clean content; Image flagged for: Violence
fb7b75ad-df13-4be3-8606-d043213ea789,Learning new chess strategies is fun and challenging.,0.00059212616,Safe,Clean content; Image flagged for: Racy
99a2a028-58b5-4347-8793-9bca5babdfe3,Join us live for the global science fair.,0.0005469048,Safe,Clean content
96b535d8-62dc-4e7f-9479-e2195b4cc98b,Learning new chess strategies is fun and challenging.,0.00059212616,Safe,Clean content
2f2f08b1-8887-48cd-b0ed-37deeba8ad96,Learning new chess strategies is fun and challenging.,0.00059212616,Safe,Clean content
4954c4d3-ccb6-49b8-875a-00b2a9fca5b3,You won't believe what happened next!,0.0048158597,Safe,Clean content
6b9dac2b-23d5-4bee-8660-01e2ae512ad4,Study hacks for competitive exams.,0.0005901148,Safe,Clean content
